player_id,player_name,detailed_position,war_value,offensive_war,defensive_war,teamplay_war,games_played,skgoals,skassists,skplusmin,avg_game_impact,war_per_game,points
1004991743535,Prestaraa-,leftWing,19.273263562000004,31.582980000000003,1.0134,60.47440000000001,9,11,7,5,6.522222222222222,2.1414737291111114,18
1214560564,the rocket05,center,14.456049039999993,42.97905,1.3153000000000001,18.606999999999974,5,6,4,2,6.24,2.8912098079999984,10
344702912,xLeafs33,goalie,13.500277872499998,0.0,185.96937499999996,0.0,9,0,0,0,6.966666666666667,1.500030874722222,0
1918563194,GoNicsGo,goalie,12.327226256249997,0.0,159.21307499999998,0.0,4,0,0,0,9.225,3.081806564062499,0
171460582,toslick,rightWing,10.4597406,15.739350000000002,0.6185,25.2018,3,7,5,9,8.566666666666666,3.4865802,12
1847429110,kaner23-,rightWing,10.299821645833335,15.03645,0.401,29.5794,4,3,2,-3,6.050000000000001,2.5749554114583337,5
1128544139,Bsavage28,goalie,9.440245668749998,0.0,119.78157499999999,0.0,3,0,0,0,9.2,3.1467485562499995,0
1104044130,Cammy l28l,leftWing,9.395021012499999,18.172385000000002,0.5168,21.424799999999998,3,3,0,2,6.233333333333333,3.131673670833333,3
200352848,TyrantOfSicily,rightDefense,8.849933679166664,0.5985,0.5543999999999999,39.15599999999999,6,0,4,-8,6.25,1.4749889465277775,4
1961098328,King Kapanen,leftWing,8.8311148875,16.467935,0.7188,16.588800000000006,3,11,3,15,9.566666666666668,2.9437049625,14
1338437256,Curly11C,center,8.751897424999996,12.731625000000001,1.1004,28.955999999999978,5,5,2,-3,6.04,1.7503794849999992,7
954246088,Nick5I4,center,8.715459048666663,21.33108,1.1249,14.483999999999979,6,8,11,7,6.166666666666667,1.4525765081111104,19
172218530,xT S P 0 0 N,leftWing,8.629801612500001,19.851260000000003,0.6908000000000001,11.746800000000002,3,12,8,9,10.0,2.8766005375000003,20
898912775,Nick_x_98,rightWing,8.4254715,13.692250000000001,0.308,17.2052,2,6,6,6,8.9,4.21273575,12
1696789810,justlax10,center,8.290875529999997,14.51736,0.4354,19.98899999999999,2,2,3,1,6.949999999999999,4.145437764999999,5
1005411055132,xElfpha,leftDefense,8.061855666666661,1.2904999999999998,2.6708000000000003,27.583999999999982,7,0,10,5,7.6000000000000005,1.151693666666666,10
286862469,Lemzy-_,leftWing,8.049802682333334,11.934285000000001,0.6138,19.151800000000005,3,5,6,7,8.6,2.6832675607777783,11
169724061,MBell91,center,8.017504199999998,10.420560000000002,0.7399,18.533999999999992,2,4,7,9,8.1,4.008752099999999,11
187931809,BigYanLocks-,rightWing,7.712425495,27.06055,0.552,8.408600000000002,6,9,8,8,6.8,1.2854042491666666,17
828922659,KnifeVet22,leftWing,7.670846125833334,8.732295,0.44060000000000005,37.590599999999995,6,5,1,-8,4.916666666666667,1.2784743543055557,6
1005566705735,PucksDeep22,center,7.3102369233333295,17.641395,0.8176000000000001,16.50999999999998,4,6,2,-3,5.625,1.8275592308333324,8
1826566329,l React I,goalie,7.254565124999998,0.0,96.70194999999998,0.0,3,0,0,0,8.299999999999999,2.4181883749999993,0
1006112768038,Tyezeh,rightWing,7.213008112500001,5.165325,0.5645,31.005000000000003,5,3,3,-3,4.4,1.4426016225000002,6
1811480240,Oshlag,rightDefense,7.051999249999998,0.44262500000000005,2.4508,23.856999999999992,5,0,3,2,8.22,1.4103998499999997,3
1853441786,BBoivin,leftWing,6.9472348925,2.1973599999999998,0.1788,43.2538,3,0,1,1,4.066666666666666,2.3157449641666665,1
1684579661,YOJE88,rightDefense,6.933884249999999,0.360875,1.3772000000000002,25.386999999999997,3,0,3,5,8.966666666666667,2.3112947499999996,3
1003828541055,MyBooLove88,center,6.877071876666664,12.023415,0.4172,16.536999999999985,3,5,3,5,6.0,2.292357292222221,8
1004299823705,Rodent_Lush7I7,leftWing,6.70878028,11.448360000000001,0.30279999999999996,15.5818,3,7,2,-11,8.233333333333334,2.236260093333333,9
259217813,Hxndry,leftDefense,6.671924624999995,3.996,3.2219000000000007,18.405999999999977,5,3,5,2,8.680000000000001,1.3343849249999988,8
1006227348646,Cavy l53l,leftDefense,6.503694624999996,1.6195,0.913,23.097999999999985,5,1,4,-11,7.44,1.3007389249999992,5
381619870,B_Real1337,rightWing,6.2312495000000006,9.497950000000003,0.3185,17.1118,3,6,3,5,7.133333333333334,2.0770831666666667,9
1006390619515,Bolts714,goalie,6.2133518152499985,0.0,83.17037499999998,0.0,3,0,0,0,7.733333333333333,2.0711172717499995,0
332450305,X INdiAN SwAg X,goalie,6.063811281249998,0.0,61.74569999999996,0.0,7,0,0,0,5.542857142857143,0.8662587544642854,0
1005418215766,max41_hockey,rightWing,5.8737014125,6.886000000000001,0.22949999999999998,17.257199999999997,2,3,3,4,6.9,2.93685070625,6
884106015,Nickollai,leftDefense,5.839579266666663,0.322625,1.2353000000000003,25.74399999999998,6,0,2,-8,5.95,0.9732632111111105,2
182465627,LNDxGeorgio,leftWing,5.764401451666668,16.374655,0.08339999999999999,10.014400000000002,4,6,1,-6,6.25,1.441100362916667,7
250550705,xMankii,leftDefense,5.742547124999996,0.23024999999999998,1.8502,20.619999999999987,4,0,2,-2,8.075,1.435636781249999,2
1711138984,FatHogChelly,center,5.646986699999996,4.65894,0.5628,21.524999999999984,3,3,5,9,6.7,1.8823288999999985,8
1765926580,xChxmpz--,center,5.482264715999999,8.815409999999998,0.5992000000000001,12.033999999999995,2,2,8,6,7.1,2.7411323579999993,10
348805280,John Bri I 7 I,leftWing,5.2763630625,11.21934,0.19770000000000001,9.0002,2,5,0,1,8.65,2.63818153125,5
473549866,Dxhlin,leftDefense,5.258392587499999,0.13874999999999998,0.7370000000000001,21.959999999999994,3,0,1,-7,6.833333333333333,1.7527975291666662,1
1007167602554,DEP0RT I31I,goalie,5.238569868749999,0.0,59.182524999999984,0.0,3,0,0,0,6.433333333333334,1.7461899562499996,0
1973201837,gio91502,goalie,5.226776756249998,0.0,67.86527499999997,0.0,3,0,0,0,8.1,1.7422589187499993,0
1005117215198,JoPascaleQC3,goalie,5.183758001249998,0.0,73.87902499999998,0.0,5,0,0,0,6.4,1.0367516002499997,0
1979404382,Hxisk,center,5.123705157499998,1.8275400000000002,0.030800000000000008,21.239999999999984,3,0,1,0,4.666666666666667,1.707901719166666,1
1176883773,JASON0914,leftWing,5.033108975,10.228900000000001,0.8099999999999999,14.618999999999996,5,4,4,-3,5.16,1.006621795,8
1831036757,ItzCarter--,rightDefense,4.9895775625,0.5905,1.9833,17.72,5,0,5,-4,7.6,0.9979155125,5
1005374732252,b_e11iot819,rightWing,4.986511562499999,8.922375,0.48,18.903799999999993,3,5,1,1,5.466666666666666,1.6621705208333328,6
213013207,LongRodRon,rightWing,4.923506700000001,7.706875000000001,0.35900000000000004,10.923199999999998,2,3,4,9,7.5,2.4617533500000004,7
1653636441,Chonzzy,leftWing,4.8382083,7.138890000000001,0.2212,10.559199999999999,2,4,4,6,8.4,2.41910415,8
885821045,Arkantxs,center,4.807100756333331,2.81061,0.3185,17.801999999999992,2,1,2,4,6.55,2.4035503781666656,3
1529903549,L0LCorbzzL3L,goalie,4.784536524999998,0.0,63.94847499999999,0.0,3,0,0,0,6.8999999999999995,1.5948455083333328,0
1823870703,malbom30,center,4.759061428999997,6.031665,0.6818,16.407999999999987,3,2,0,-7,5.3,1.5863538096666658,2
288572961,xMIMICm,rightDefense,4.6886096875,0.22475,0.6974,17.418,2,0,2,1,8.75,2.34430484375,2
1912963799,zRoasty-,goalie,4.673031824999998,0.0,62.53917499999997,0.0,3,0,0,0,7.233333333333333,1.5576772749999994,0
1004989075252,Snizzahh,rightDefense,4.6374107875,1.880125,1.0010000000000001,16.080000000000002,3,1,7,9,7.3999999999999995,1.5458035958333334,8
1004667025344,notusc-,leftWing,4.618593258333334,3.96616,0.4778,16.4738,3,1,7,0,5.866666666666667,1.5395310861111113,8
257817071,elsileD,rightDefense,4.511629304166666,1.4406250000000003,1.2463000000000002,15.293999999999999,5,3,2,-11,6.9,0.9023258608333332,5
1746666912,OptmI,leftDefense,4.422880249999997,0.54625,0.8789,17.21499999999999,3,0,5,-7,7.633333333333333,1.4742934166666657,5
198615658,IGINFINITY,leftWing,4.409363615999999,6.0712850000000005,0.5243,16.5548,3,1,8,5,5.533333333333334,1.4697878719999997,9
289617899,BLong67-,rightWing,4.364876525,12.370600000000001,0.507,6.2538,3,6,7,15,8.666666666666666,1.4549588416666666,13
1004349238834,LoKO CRuStY,rightWing,4.330823437499999,6.699275000000002,0.1215,9.677599999999998,1,5,0,3,9.9,4.330823437499999,5
1004036837022,Matthewsl34I,goalie,4.236821990999999,0.0,53.768874999999994,0.0,2,0,0,0,7.25,2.1184109954999997,0
1718477402,Kjnger,rightDefense,4.217655200833332,0.47337499999999993,1.1968,14.452999999999996,3,0,4,15,8.4,1.405885066944444,4
196248179,ImdahmerTTV,center,4.210713971666664,0.8476199999999997,0.7812,20.290999999999983,4,0,6,-6,5.25,1.052678492916666,6
1003743894922,Mantzzzy,center,4.188348109999996,4.48686,0.4242,15.855999999999986,2,2,3,2,6.05,2.094174054999998,5
1863512757,Stenbxrg,rightWing,4.1877373916666665,6.058525,0.09249999999999996,20.8778,3,3,4,-13,4.6000000000000005,1.395912463888889,7
1732496247,xPH1LLZ,goalie,4.180915824999999,0.0,62.81244999999999,0.0,6,0,0,0,5.716666666666666,0.6968193041666665,0
1005381690933,xquzyrox88,goalie,4.153369874999999,0.0,-0.3404250000000033,0.0,3,0,0,0,7.166666666666667,1.3844566249999997,0
1870223596,CeeElGee17,goalie,4.140594374999998,0.0,55.20792499999998,0.0,2,0,0,0,8.55,2.070297187499999,0
1909402854,Hennyy10,rightWing,4.137326666666666,5.1716500000000005,-0.023,17.0156,1,1,0,1,5.6,4.137326666666666,1
1004718997007,Vozzy411,leftWing,4.05839792,4.79886,0.3638,21.294800000000002,3,2,3,-8,4.366666666666667,1.3527993066666666,5
1556509770,KL12Mack,center,4.002532809999998,-0.18841500000000017,0.1792,28.88499999999999,2,0,0,-1,4.05,2.001266404999999,0
229754934,IORIO EMPIRE,goalie,3.9995045962499978,0.0,52.93162499999997,0.0,2,0,0,0,8.3,1.9997522981249989,0
1739192465,Ironside197,leftWing,3.9972330250000008,15.900830000000001,0.4989,-16.9336,4,10,2,6,7.875,0.9993082562500002,12
1870773347,ISmokeMids2401,rightWing,3.9498327125000006,9.883500000000002,0.373,7.294199999999999,2,1,5,-2,6.4,1.9749163562500003,6
1408135043,Antmxxn,center,3.9383671658333315,4.06926,0.5971,14.52999999999999,2,2,1,1,6.05,1.9691835829166657,3
1042759660,ItsBender14,goalie,3.9350213437499995,0.0,49.96852499999999,0.0,1,0,0,0,10.0,3.9350213437499995,0
1725743163,DudNastyy,leftDefense,3.8880131249999974,1.5925,0.9944000000000002,14.090999999999987,3,1,4,0,7.133333333333333,1.2960043749999992,5
171449606,PureRippin,center,3.8816692624999973,9.69777,0.574,9.928999999999984,4,3,0,-11,5.225,0.9704173156249993,3
982111268,Styx1x1787,leftWing,3.8347903658333333,2.3518,0.559,13.185999999999996,5,1,6,-11,4.16,0.7669580731666666,7
1006672335817,HeIenCheller,goalie,3.7651706249999997,0.0,50.20227499999999,0.0,1,0,0,0,10.0,3.7651706249999997,0
268590696,SlightlyHypa,center,3.695639675833331,6.36786,0.742,8.556999999999993,2,2,4,-4,6.6,1.8478198379166655,6
218102099,monokuuu,rightDefense,3.6950832499999984,1.061,0.0737,14.919999999999995,2,1,1,0,7.5,1.8475416249999992,2
1815331825,Bell l91l,rightWing,3.6874351499999993,6.902500000000001,0.1015,16.659799999999997,3,3,2,-7,4.833333333333333,1.2291450499999999,5
270010975,TheRealYostty,goalie,3.670750499999998,0.0,46.41424999999997,0.0,2,0,0,0,7.8,1.835375249999999,0
373262714,Alepiro,leftDefense,3.662726833333332,0.35675,1.2705000000000002,14.397999999999993,5,0,3,-10,5.82,0.7325453666666664,3
172243288,L U C K T E N,rightDefense,3.6555975,1.41525,0.8470000000000002,11.276999999999997,2,1,4,9,8.55,1.82779875,5
175590954,Arctic Blur,center,3.6175467394999967,7.234065,1.246,5.83099999999999,3,3,12,15,7.833333333333333,1.2058489131666656,15
218796570,iCLuTcH x BeasT,goalie,3.51334665,0.0,43.37465,0.0,2,0,0,0,8.0,1.756673325,0
320835709,Dangs92,center,3.501270605499999,4.205204999999999,0.182,9.975999999999996,1,1,3,0,7.1,3.501270605499999,4
278917333,Nicky Moose 69,leftWing,3.4863658659999994,5.488065000000001,0.4267,9.867199999999997,2,3,3,0,7.199999999999999,1.7431829329999997,6
1718694084,L-_0-_o-_P-_s_88,center,3.456690372833332,0.3429449999999998,0.3108,17.910999999999987,4,0,3,-2,5.275,0.864172593208333,3
1007705774805,iCLassYxTTV,leftWing,3.4327237125000014,11.934340000000002,0.1562,0.7412000000000014,2,4,0,-3,7.8999999999999995,1.7163618562500007,4
1005050922769,Zahcarry,rightWing,3.4075274999999996,7.921925,0.299,10.752799999999997,3,6,2,0,5.866666666666667,1.1358424999999999,8
183909582,xDubz 17,rightDefense,3.341982999999998,0.26125,1.2133000000000003,11.950999999999993,3,0,2,-7,7.8,1.1139943333333326,2
191333348,wazabi_911,leftDefense,3.2844856249999967,0.732,1.1792000000000002,11.065999999999987,3,0,6,-11,7.566666666666666,1.0948285416666657,6
1884104456,Chokeyy--,center,3.2712697499999983,4.23018,0.42279999999999995,7.808999999999995,1,3,2,1,8.8,3.2712697499999983,5
1004917310097,mooner2019,goalie,3.2440032187499996,0.0,42.24159999999999,0.0,2,0,0,0,7.699999999999999,1.6220016093749998,0
1005393365642,Vxngyyy,rightWing,3.2289312499999987,4.349125,0.18300000000000002,8.383599999999996,1,2,1,2,9.7,3.2289312499999987,3
1695742018,HonestAbeOGC,goalie,3.2105567812499998,0.0,40.768975,0.0,1,0,0,0,9.7,3.2105567812499998,0
344421419,T-Dawg_The-Dogg,leftDefense,3.1072649999999995,0.14100000000000001,0.17820000000000003,11.517999999999997,1,0,1,-2,8.1,3.1072649999999995,1
276705805,K1eetus,leftDefense,3.0903158999999985,0.174375,0.5313000000000001,12.444999999999993,3,0,1,2,6.266666666666667,1.0301052999999996,1
217061105,Morn,rightDefense,3.0712635000000006,1.13225,0.6028000000000001,9.64,1,1,0,3,9.1,3.0712635000000006,1
1889166589,jdheagle,leftWing,3.056948587499999,4.108445000000001,0.1886,7.574599999999997,1,3,1,-1,9.5,3.056948587499999,4
1003893411880,Teebonom,rightWing,3.0569305625,8.043475,0.1965,3.6315999999999997,1,4,4,5,10.0,3.0569305625,8
913299628,Base Champs,center,2.993514654999997,0.5774399999999997,0.6629,14.572999999999986,3,0,3,2,5.733333333333333,0.9978382183333324,3
811868571,Yuckenbauer,rightWing,2.963187066666666,3.9679750000000005,0.2395,22.384599999999992,6,1,6,-8,3.35,0.493864511111111,7
1791195816,GodlyXJohn,goalie,2.9441636999999994,0.0,36.347699999999996,0.0,1,0,0,0,9.1,2.9441636999999994,0
1005022184625,N x m e c,leftDefense,2.8498943749999994,2.52575,1.0945000000000003,7.395999999999996,2,2,3,-3,8.85,1.4249471874999997,5
1941801675,StickySiem03,goalie,2.8357402499999993,0.0,36.00939999999999,0.0,1,0,0,0,10.0,2.8357402499999993,0
1206522478,Cahspxr,center,2.811761333333333,7.06518,0.0637,8.207999999999998,1,1,0,1,5.5,2.811761333333333,1
1782129381,VR632,rightWing,2.811519375,5.56545,0.1915,4.9536,1,3,1,0,9.5,2.811519375,4
1006483612672,iTzzADaMS,center,2.8057105158333324,-0.16456500000000013,0.0476,20.82099999999999,2,0,0,-4,3.95,1.4028552579166662,0
1726784865,Jensen315,rightWing,2.79145125,3.0250000000000004,0.0745,7.534600000000001,1,2,1,-1,8.1,2.79145125,3
981836879,ROLLaBACKWOODS,rightWing,2.7660555000000007,3.669050000000001,0.129,6.446600000000001,1,2,2,3,9.1,2.7660555000000007,4
1909508631,Chanch-,rightWing,2.7558249999999997,3.3682000000000007,0.21050000000000002,7.4445999999999986,1,2,1,1,8.6,2.7558249999999997,3
1249264652,Gabseh,leftWing,2.729502646666666,8.019825,0.9535,11.130999999999998,5,5,7,2,5.12,0.5459005293333332,12
1134116222,bunchie32,rightDefense,2.7251992499999993,2.7405,1.6412000000000004,6.520999999999997,4,2,4,-6,6.925,0.6812998124999998,6
1135450418,LemieuxNHL,goalie,2.724365174999998,0.0,40.434924999999964,0.0,4,0,0,0,5.6,0.6810912937499995,0
1007776487356,EIiteSnipe,center,2.723514412499999,3.0851550000000003,0.4256,7.065999999999995,1,1,3,2,8.0,2.723514412499999,4
1301670998,althewallQC,leftWing,2.7184593649999997,8.045235,0.4088,7.641799999999999,3,2,7,9,5.633333333333333,0.9061531216666666,9
1885253888,NotThatMondo,leftWing,2.7173763125,5.36734,0.1522,6.7022,2,3,1,-4,5.5,1.35868815625,4
1007386598918,v Storto,center,2.7025050058333315,2.603835,0.2667,12.10299999999999,2,1,1,-4,5.5,1.3512525029166658,2
1977738824,TonyTBK,goalie,2.6945135999999996,0.0,33.26559999999999,0.0,1,0,0,0,8.1,2.6945135999999996,0
243998289,ItssCJ-,rightDefense,2.6921389116666665,0.276,1.9437000000000002,9.538,6,0,2,8,6.75,0.44868981861111107,2
233398104,GreenWood44,center,2.6548692624999997,2.053755,0.20300000000000004,9.412999999999998,1,1,0,-1,6.5,2.6548692624999997,1
1829374897,ccurty_,leftDefense,2.6391356249999984,2.16425,0.09460000000000002,7.794999999999995,1,1,1,1,7.9,2.6391356249999984,2
1854958597,Fug84,leftDefense,2.6262187499999996,0.121875,0.8250000000000001,9.557999999999998,1,0,1,2,9.1,2.6262187499999996,1
1214709901,GoodWAR__,rightWing,2.621511389166666,3.4141250000000007,0.28400000000000003,16.193799999999992,3,1,1,-7,3.6333333333333333,0.8738371297222219,2
1713904858,Sitful,center,2.6076208499999987,5.463855,0.518,3.6759999999999957,1,2,2,3,8.1,2.6076208499999987,4
1306838261,xKipp--,rightDefense,2.5970402499999987,0.299875,0.18150000000000002,9.776999999999994,2,0,2,-4,7.4,1.2985201249999994,2
1999439542,Catigory,center,2.5836601234999974,3.123315,0.49349999999999994,9.258999999999986,3,1,4,0,5.8,0.8612200411666658,5
1926158774,vFederico-,leftDefense,2.570872499999999,0.24025,0.5335000000000001,8.747999999999996,1,0,2,3,9.3,2.570872499999999,2
1806507474,Itz-Meech0,rightDefense,2.5507242799999994,0.011,0.6600000000000001,11.649999999999995,4,0,0,-2,6.3,0.6376810699999998,0
1003468411010,Finklestein3591,rightDefense,2.5235896875,0.11537499999999999,0.2453,9.252999999999998,1,0,1,0,8.2,2.5235896875,1
314702566,Orr I4l,rightDefense,2.51253225,0.345375,0.4323000000000001,8.528,1,0,3,3,8.7,2.51253225,3
300008505,DirtyDuRagz,leftWing,2.4785919,4.24127,0.03610000000000001,4.9026,1,2,1,1,7.5,2.4785919,3
1005881743157,DonaIdd-,leftDefense,2.474219999999999,0.372,0.9196000000000002,8.133999999999995,1,0,3,3,9.9,2.474219999999999,3
1300476344,Smitzky,rightWing,2.467655979166666,9.359075,0.191,-14.808800000000007,2,1,3,1,5.8500000000000005,1.233827989583333,4
1607065903,xMorin67x,rightWing,2.4540598416666666,6.474875,0.43100000000000005,8.667399999999999,4,3,8,-6,6.25,0.6135149604166666,11
1884104456,Chokeyy--,rightWing,2.4420805016666667,5.0479,0.5435000000000001,15.6164,4,1,2,-2,3.2,0.6105201254166667,3
347001518,flyers2844,center,2.4395124599999987,3.8920049999999997,0.3976,5.390999999999995,1,1,2,-1,7.2,2.4395124599999987,3
1693856134,Yanneux,leftDefense,2.4145019999999993,0.11249999999999999,0.4851000000000001,8.344999999999997,1,0,1,-1,8.5,2.4145019999999993,1
1005902509423,Smitzey,rightWing,2.4114625000000007,3.489750000000001,0.1225,6.0336000000000025,1,3,0,3,10.0,2.4114625000000007,3
1003607276185,AxFixld-,leftWing,2.4062975874999997,3.032645,0.19560000000000002,6.1166,1,2,1,4,8.9,2.4062975874999997,3
351493942,JClaus33,center,2.404219999999998,0.57348,0.21140000000000003,8.831999999999992,1,0,3,3,7.7,2.404219999999998,3
1535636452,JollyFog,rightWing,2.3596802166666673,1.7489999999999999,0.16350000000000003,10.583600000000002,1,1,1,2,5.5,2.3596802166666673,2
1724367658,Segskyyy,leftWing,2.3595926875,-0.4324650000000003,-0.0772,28.031800000000004,3,0,0,-1,1.7,0.7865308958333334,0
1804355921,Lazy_Pedestrian,rightDefense,2.3432571750000006,0.022250000000000002,-0.08360000000000002,11.807,1,0,0,-1,5.7,2.3432571750000006,0
1004803395946,Docteurnoxxx,leftDefense,2.327399999999998,0.48499999999999993,1.1550000000000002,6.979999999999994,2,0,4,6,8.5,1.163699999999999,4
1727051220,Sharpxo,rightWing,2.3213464749999995,7.475875000000001,0.18100000000000002,4.910199999999996,2,3,1,-4,5.949999999999999,1.1606732374999997,4
1714999411,Fabxr7,rightDefense,2.2891492499999995,0.14350000000000002,0.3894,8.356999999999998,1,0,1,2,8.4,2.2891492499999995,1
1714745376,xCOACH_19,leftDefense,2.233566874999997,0.747625,1.7490000000000003,5.893999999999987,5,0,6,-3,7.0,0.4467133749999994,6
704147,justcause17,leftDefense,2.2294999999999994,0.3725,1.0285000000000002,7.516999999999998,2,0,3,0,8.85,1.1147499999999997,3
1975836557,l NickyP l,leftWing,2.218123016666667,4.869645,0.05210000000000001,8.658600000000002,1,1,2,1,4.9,2.218123016666667,3
2006250651,CXRRIER10-,rightWing,2.2051625000000006,2.6460500000000002,0.11699999999999999,6.057600000000002,1,2,1,-1,8.9,2.2051625000000006,3
347942763,TheRealProcess,goalie,2.1857771249999995,0.0,27.755899999999993,0.0,1,0,0,0,9.2,2.1857771249999995,0
384217867,Darkheart204,rightDefense,2.18532195,0.008125,0.14190000000000003,9.032000000000002,1,0,0,-1,6.8,2.18532195,0
170041882,TheHeroicDuck,leftDefense,2.173406249999999,0.117625,0.6160000000000001,7.9599999999999955,1,0,1,3,9.7,2.173406249999999,1
1956494500,xLandry-,rightWing,2.1686043750000006,1.9882500000000003,0.21950000000000003,6.053600000000002,1,1,2,1,8.8,2.1686043750000006,3
389822611,CHARAx33z,rightDefense,2.16109355,0.0,-0.15290000000000004,11.802999999999999,1,0,0,0,5.3,2.16109355,0
1311513418,Nxuf,leftDefense,2.1602229199999985,0.5202499999999999,1.0406000000000002,6.771999999999995,3,0,4,14,8.066666666666668,0.7200743066666662,4
235843896,Justcallmechev,center,2.1514358999999983,3.9965850000000005,0.2184,6.337999999999992,2,2,2,0,5.7,1.0757179499999991,4
171884063,agrigs26,goalie,2.1499100999999987,0.0,26.542099999999984,0.0,1,0,0,0,8.4,2.1499100999999987,0
820604861,Ownage-Owns,center,2.116954349999999,3.59523,0.21139999999999998,4.833999999999996,1,2,2,-2,7.0,2.116954349999999,4
1007589978802,Nahkkss,leftDefense,2.107484621666665,0.21075,1.0340000000000003,8.616999999999994,2,0,2,0,7.3999999999999995,1.0537423108333326,2
1859418993,DopeDreamzGaming,leftDefense,2.1058516499999995,0.0,-0.10670000000000003,11.458999999999998,1,0,0,0,5.3,2.1058516499999995,0
1405315948,xxFrostyxx127,rightDefense,2.0978594999999993,0.0052499999999999995,0.11660000000000001,7.647999999999998,1,0,0,1,8.1,2.0978594999999993,0
1692845322,COUG4R HUNTER,leftDefense,2.079739619999999,0.4705,1.0109000000000004,6.263999999999996,2,0,4,9,8.600000000000001,1.0398698099999995,4
1007569348921,WhiteMamba7910,leftDefense,2.0577834375000004,0.45287499999999997,0.12430000000000001,7.2620000000000005,1,0,4,0,8.0,2.0577834375000004,4
406590742,RobitaiIIe,rightDefense,2.057124333333333,0.0,-0.15290000000000004,11.796999999999999,1,0,0,0,5.3,2.057124333333333,0
1741633204,RaphThunder,leftDefense,2.039647499999999,0.11474999999999999,0.5225,6.916999999999996,1,0,1,3,8.7,2.039647499999999,1
1941315312,Dzhay,center,2.030395224999999,0.59733,0.39969999999999994,6.887999999999997,1,0,3,2,7.9,2.030395224999999,3
956571977,The Broche,rightDefense,2.0061931374999995,0.454,0.28600000000000003,9.160999999999998,3,0,3,2,6.233333333333333,0.6687310458333332,3
177266971,Washko86,center,1.992802927499999,1.236555,0.30310000000000004,7.497999999999995,1,1,0,-1,6.3,1.992802927499999,1
1725983940,Bahbee-,center,1.9808138699999993,1.5648300000000002,0.30310000000000004,5.779999999999998,1,1,1,-2,7.4,1.9808138699999993,2
1794087843,Sahzyyy,leftWing,1.9796373768333346,7.673105,0.6314000000000001,5.893400000000007,4,3,1,-2,3.9000000000000004,0.49490934420833366,4
1884739189,Faldzy,rightDefense,1.9752600000000002,0.0,0.6138000000000001,6.9110000000000005,1,0,0,3,7.7,1.9752600000000002,0
1692254274,l Glass 9 l,center,1.955141369999999,-0.07902000000000006,-0.019599999999999996,14.421999999999995,1,0,0,-1,3.9,1.955141369999999,0
1720512735,xSelanne 8,rightDefense,1.9478705091666664,0.002875,0.30690000000000006,8.158,1,0,0,2,6.7,1.9478705091666664,0
331823540,Shrpiy,leftWing,1.9421574375,6.149495000000001,0.18860000000000002,1.0605999999999998,1,2,0,1,7.8,1.9421574375,2
1976972998,PackDaBong-_-,rightDefense,1.9071609374999996,0.141375,0.26400000000000007,6.8599999999999985,1,0,1,4,7.9,1.9071609374999996,1
216735088,Onion_Pie,leftDefense,1.8804014999999985,2.06125,0.5852000000000002,4.317999999999994,1,1,0,1,9.1,1.8804014999999985,1
809767659,TheeRaven-,center,1.8775342079999982,0.3196799999999999,0.3234,7.258999999999992,1,0,2,1,6.6,1.8775342079999982,2
284494263,I SM1TTY l,goalie,1.8763537499999992,0.0,25.018049999999988,0.0,1,0,0,0,8.0,1.8763537499999992,0
1003741988290,Brxckzii,leftDefense,1.8732685166666658,0.128875,0.2585,10.943999999999994,3,0,1,0,6.033333333333334,0.6244228388888886,1
1294435240,l Lamoureux l9l,rightDefense,1.8691657199999998,0.01025,0.18810000000000002,7.3629999999999995,1,0,0,4,7.2,1.8691657199999998,0
1005513617747,Zeehlo,leftWing,1.8672827378333334,1.1707849999999997,0.1583,15.627800000000002,3,1,0,-7,3.0,0.6224275792777778,1
1005234192537,Scorezov,goalie,1.864878749999999,0.0,23.680999999999987,0.0,1,0,0,0,7.8,1.864878749999999,0
1300476344,Smitzky,center,1.8595243666666659,0.7802099999999998,0.49770000000000003,7.141999999999994,2,0,5,0,6.1,0.9297621833333329,5
1829374897,ccurty_,goalie,1.8395419499999992,0.0,24.85867499999999,0.0,1,0,0,0,7.4,1.8395419499999992,0
1426527303,Kingerr_-,rightDefense,1.8269540624999994,0.198125,0.5687000000000001,6.192999999999997,1,0,2,-1,8.8,1.8269540624999994,2
1915392556,Hxrlan,leftWing,1.8269501775000005,1.017445,0.10360000000000001,8.0366,1,0,4,3,5.7,1.8269501775000005,4
176764956,Neeeemmmmm,leftDefense,1.8145312499999997,0.12112500000000001,0.8360000000000002,6.300999999999998,1,0,1,-1,7.7,1.8145312499999997,1
1961548882,I banger l,leftDefense,1.8137371875,0.22787499999999997,0.5896000000000002,6.091999999999999,1,0,2,1,10.0,1.8137371875,2
1529903549,L0LCorbzzL3L,rightDefense,1.8132437499999992,0.22787499999999997,0.7931000000000002,6.231999999999997,1,0,2,0,8.8,1.8132437499999992,2
1004621288172,SkilZzy x92x,center,1.7807148799999994,0.38988,0.26739999999999997,8.427999999999997,1,0,2,3,5.6,1.7807148799999994,2
311398256,zClmZy,leftDefense,1.7720707499999986,0.120625,0.5236000000000001,5.918999999999996,1,0,1,1,9.5,1.7720707499999986,1
1857395917,Musty88_,rightWing,1.7638278000000003,2.0088750000000006,0.1845,8.305600000000002,1,1,1,-2,4.8,1.7638278000000003,2
205835458,kbelau,goalie,1.7322070949999993,0.0,21.97632499999999,0.0,2,0,0,0,6.05,0.8661035474999996,0
982911356,Swiae,rightWing,1.7208474300000003,3.571425000000001,-0.018500000000000003,3.5816,1,2,0,1,6.7,1.7208474300000003,2
931181407,STRAIT BAKED,rightWing,1.7156884499999994,0.93225,0.0495,10.689599999999995,1,0,4,-1,4.2,1.7156884499999994,4
1771797667,Pricee x 31,goalie,1.6886762787499996,0.0,27.744849999999992,0.0,3,0,0,0,5.466666666666666,0.5628920929166665,0
1004293382350,MazzyGratteux,leftDefense,1.6857553124999995,0.23012499999999994,0.1848,6.006999999999998,1,0,2,1,7.9,1.6857553124999995,2
1004667025344,notusc-,center,1.6773263459999992,4.261005,0.2261,3.686999999999996,1,3,0,3,5.7,1.6773263459999992,3
172800517,JRapx28,rightDefense,1.6772939999999998,0.22499999999999998,0.7832,5.204,2,0,2,6,8.1,0.8386469999999999,2
1711188176,Hullzeh,rightWing,1.6609995000000002,2.2247500000000002,0.2405,3.6866000000000003,1,1,3,3,9.4,1.6609995000000002,4
501848,Premierplayer,center,1.6493962733333316,6.619635,0.5915,0.07499999999999152,2,4,2,-3,6.3,0.8246981366666658,6
1871000826,Avv I13I,leftWing,1.63626778,0.21471999999999994,0.19960000000000003,9.1266,1,0,1,1,4.9,1.63626778,1
1870773347,ISmokeMids2401,leftWing,1.6181237500000005,3.5677950000000003,0.1421,2.7626000000000013,1,3,1,1,10.0,1.6181237500000005,4
1004638340480,lm Deanoo,center,1.6023293879999987,3.25908,0.1351,3.6769999999999956,1,2,0,1,6.6,1.6023293879999987,2
1003534869105,McPumpyXQc-_-,leftDefense,1.5984263749999996,0.0052499999999999995,0.33880000000000005,6.681999999999997,1,0,0,-2,6.5,1.5984263749999996,0
220806641,BrandosEra,center,1.5958660666666666,-0.09949500000000008,0.16940000000000002,10.810999999999998,1,0,0,-4,4.4,1.5958660666666666,0
320835709,Dangs92,rightWing,1.5773220833333323,2.4343,0.3855,13.356399999999994,4,1,0,-11,3.0,0.3943305208333331,1
1006117634844,BIGGYPOORNO,rightWing,1.5672902000000002,0.4675,0.0945,8.9656,1,0,2,1,4.7,1.5672902000000002,2
1975831760,Trickehh-,rightWing,1.5174675000000004,4.902150000000001,0.0315,0.6866000000000002,1,2,0,1,8.3,1.5174675000000004,2
1486438431,Snake123436,leftWing,1.5153521250000004,2.15457,0.1656,3.4526000000000003,1,2,1,-2,9.1,1.5153521250000004,3
1006486131051,Richzii,leftWing,1.5089346720000003,4.638095000000001,0.15209999999999999,2.694600000000001,1,1,1,3,5.6,1.5089346720000003,2
1135102717,Foouu-,rightDefense,1.504386,0.22499999999999998,0.48180000000000006,4.864999999999999,1,0,2,3,8.5,1.504386,2
1112584303,BAADHON-,rightWing,1.481466875,-0.022550000000000004,-0.04700000000000001,17.0006,1,0,0,0,1.7,1.481466875,0
1681709519,TheHockeyJedi87,rightWing,1.4751726666666671,3.146000000000001,0.1345,8.365600000000002,1,1,0,-1,3.8,1.4751726666666671,1
904867349,DUGAN x 95,center,1.4612885166666663,0.12145499999999994,0.1449,10.425999999999997,1,0,1,0,4.1,1.4612885166666663,1
946185014,Kappsii,leftDefense,1.45087875,0.23812499999999995,0.5335000000000001,4.601999999999999,1,0,2,1,7.9,1.45087875,2
176764956,Neeeemmmmm,center,1.4311673774999993,3.153555,0.16099999999999998,3.175999999999996,1,1,6,0,6.3,1.4311673774999993,7
1007522147131,Cartzy9I,rightWing,1.4292740000000002,6.766100000000001,-0.007000000000000005,-0.2624000000000006,1,2,2,-2,6.6,1.4292740000000002,4
1901920315,Krencho_US,rightDefense,1.4245672499999988,0.33749999999999997,0.4488000000000001,4.745999999999996,1,0,3,5,8.5,1.4245672499999988,3
1844460911,Cuylle I50I,center,1.4192740008333309,2.5137,0.14980000000000002,9.539999999999981,5,1,1,-8,4.08,0.2838548001666662,2
1135405003,xxTOXICDRIFTxx5,leftWing,1.4106294000000004,1.9516200000000004,0.24460000000000004,6.1016,1,1,1,-1,5.1,1.4106294000000004,2
1007391538882,Herringthefish,goalie,1.4097531562500003,0.0,7.834450000000011,0.0,6,0,0,0,4.933333333333334,0.23495885937500005,0
1847429110,kaner23-,rightDefense,1.4093562500000003,4.312625,0.0968,1.2280000000000015,1,1,2,1,8.0,1.4093562500000003,3
919928,xFaber7x,rightDefense,1.4070975916666668,0.002875,0.19690000000000005,5.655000000000001,1,0,0,1,7.0,1.4070975916666668,0
1594559140,Guiimond-,leftDefense,1.40127,0.018125000000000002,0.3575000000000001,5.463,1,0,0,-1,7.2,1.40127,0
1008316458531,merrshow,rightWing,1.3902784,0.3421,0.0475,12.0236,1,0,1,-1,3.2,1.3902784,1
338422216,MT Apex,leftDefense,1.3816875,0.12275,0.6820000000000002,4.7219999999999995,1,0,1,-1,8.5,1.3816875,1
1901895034,Dobsyy l6l,rightDefense,1.3807974166666659,0.006375,0.08030000000000001,6.0959999999999965,1,0,0,1,6.7,1.3807974166666659,0
354581429,Mr Space Baby,rightWing,1.3709809666666666,6.12425,0.11600000000000002,3.0611999999999977,2,2,2,-4,4.3,0.6854904833333333,4
1737379932,Old_Man_Fool,goalie,1.3696706624999997,0.0,18.634974999999997,0.0,1,0,0,0,7.0,1.3696706624999997,0
1004208865153,Murrsy,rightWing,1.3663381350000006,1.15995,0.02949999999999999,10.024200000000004,2,1,3,-3,3.3,0.6831690675000003,4
1251394218,Joshx16x,leftWing,1.3640491666666674,3.4995950000000002,0.0971,4.587600000000004,1,1,2,0,5.0,1.3640491666666674,3
1738934286,Paquxtte,leftDefense,1.3558724999999985,0.28125,0.5225000000000001,4.217999999999995,1,1,1,3,8.8,1.3558724999999985,2
1987614008,WalkingBuckets8,leftDefense,1.3558607999999985,2.0435,0.3949000000000001,2.941999999999995,1,1,0,-2,7.2,1.3558607999999985,1
219333731,AyeKeeks,rightWing,1.3452068541666664,1.3442,0.21900000000000003,6.0311999999999975,2,0,6,1,5.1,0.6726034270833332,6
1364138465,MalikBinCam,rightDefense,1.3418253333333332,0.24824999999999997,0.14410000000000006,6.795999999999999,1,0,2,-3,5.6,1.3418253333333332,2
1991470092,Bazlund,rightDefense,1.3355125,0.01025,0.3718,4.96,1,0,0,3,8.4,1.3355125,0
273323046,Gronk x l87l,rightDefense,1.3335119999999996,0.016,0.28930000000000006,5.250999999999998,1,0,0,-1,7.2,1.3335119999999996,0
1844081869,Kirkyy88,leftWing,1.32700375,-0.14415500000000012,-0.0254,16.093600000000002,1,0,0,0,1.6,1.32700375,0
1005198082170,MagikSaucyyy,leftWing,1.32472164,0.22456499999999985,0.22770000000000004,11.6892,2,0,2,-4,3.1,0.66236082,2
1879565772,Heavy_07,rightDefense,1.3199422499999998,0.11537499999999999,0.3663000000000001,4.406999999999999,1,0,1,-1,7.5,1.3199422499999998,1
1004945316591,PirateI86I,rightDefense,1.3137940750000001,0.2315,0.8613000000000002,4.206,2,0,2,0,7.8,0.6568970375000001,2
1004622143916,Nxrrko,rightWing,1.2961591666666668,3.6371500000000005,0.09,3.6096,1,1,1,1,5.3,1.2961591666666668,2
1878491420,eLcocc,rightDefense,1.2891440624999992,0.013125000000000003,0.30690000000000006,4.590999999999997,1,0,0,-2,8.0,1.2891440624999992,0
1909402854,Hennyy10,rightDefense,1.2574336666666672,0.14200000000000002,0.2211,4.950000000000002,1,0,1,-1,7.1,1.2574336666666672,1
1004707840942,natesous10,center,1.2431486333333326,0.11222999999999993,-0.051100000000000007,8.611999999999995,1,0,1,-1,4.3,1.2431486333333326,1
788493804,BigBodyMoose,goalie,1.2329645249999999,0.0,16.889924999999998,0.0,1,0,0,0,7.3,1.2329645249999999,0
1005234192537,Scorezov,leftWing,1.2219684,0.7883699999999999,-0.012899999999999995,9.407599999999999,1,0,1,1,3.6,1.2219684,1
1952245011,Slxashyy,rightDefense,1.2086261749999996,2.5586249999999997,0.5203,3.524999999999997,3,1,5,-7,6.266666666666667,0.4028753916666665,6
1876022038,Brayl18l,leftWing,1.1734648375000007,2.672945,0.16060000000000002,1.723600000000003,1,2,3,5,10.0,1.1734648375000007,5
1890654845,Qc_will_09,leftWing,1.1554961500000005,1.946065,0.2597,5.372200000000003,2,1,2,0,4.55,0.5777480750000002,3
1718088446,Buckleyx14,rightWing,1.1342660000000002,3.3858000000000006,0.0795,4.6366000000000005,1,1,1,-3,4.2,1.1342660000000002,2
1005425442104,I Nxtee I,rightDefense,1.1337309374999995,0.22787499999999997,0.2871,3.8039999999999985,1,0,2,1,8.0,1.1337309374999995,2
957587535,Newf l9l,rightWing,1.1101623749999996,3.4886500000000003,0.13,2.854599999999997,1,1,1,4,4.9,1.1101623749999996,2
270764600,dispiggy8donuts,rightDefense,1.1077256666666664,0.018125000000000002,0.46090000000000003,4.4079999999999995,1,0,0,0,6.8,1.1077256666666664,0
1005254728518,JoGaG-83,goalie,1.0946996999999996,0.0,15.731374999999998,0.0,3,0,0,0,5.1000000000000005,0.3648998999999999,0
1009553570901,Marner x 162082,leftWing,1.0903713333333334,3.6753200000000006,0.0070999999999999995,0.9905999999999999,1,2,1,-2,7.0,1.0903713333333334,3
809465942,XSPARKY51,leftDefense,1.0660607999999991,0.0,0.3212,4.437999999999995,1,0,0,-3,6.4,1.0660607999999991,0
984736465,J HUGHES l86l,rightWing,1.0576909,0.022000000000000006,0.15500000000000003,10.243600000000002,1,0,0,-2,2.9,1.0576909,0
1923729233,x sobie,leftDefense,1.0515959999999998,0.002875,0.11660000000000002,6.452999999999998,1,0,0,-3,4.8,1.0515959999999998,0
1872059388,Brouillard13,leftDefense,1.0510249999999994,0.11249999999999999,0.5676000000000001,3.5239999999999974,1,0,1,-4,7.7,1.0510249999999994,1
176171749,WithTheLitesOut,rightDefense,1.0445749999999996,0.22499999999999998,0.1683,3.784999999999999,1,0,2,1,7.8,1.0445749999999996,2
1630442180,Azer Ajuxsted,leftDefense,1.0444447199999987,0.021,0.05610000000000001,4.147999999999995,1,0,0,2,7.2,1.0444447199999987,0
829411472,Greatx8x,leftDefense,1.0374595833333327,0.002875,0.36740000000000006,4.417999999999996,1,0,0,0,6.5,1.0374595833333327,0
1739299489,oNoYoUdOnT_,leftDefense,1.0365059249999995,0.01025,0.28380000000000005,3.8769999999999984,1,0,0,-2,7.1,1.0365059249999995,0
1927694899,TheBonkfather,leftDefense,1.0321040624999995,0.018125000000000002,0.6677000000000002,3.245999999999998,1,0,0,-2,7.6,1.0321040624999995,0
781056599,Berube x 9,leftDefense,1.031995625,0.38975,0.7590000000000001,2.859,1,0,3,5,9.8,1.031995625,3
1004855028310,L0stInThaSaucee,leftWing,1.0252768166666668,3.2691450000000004,0.2706,1.5026000000000004,1,1,1,2,6.1,1.0252768166666668,2
271615507,TRMC BIGMAC,goalie,1.024473125,0.0,15.761125,0.0,1,0,0,0,6.5,1.024473125,0
1007155095622,Nxpx85,rightWing,0.9879870000000001,4.507250000000001,-0.031000000000000007,6.9235999999999995,1,1,0,-4,2.6,0.9879870000000001,1
206328568,jesushaxyou,goalie,0.9810923039999995,0.0,14.883074999999991,0.0,1,0,0,0,6.4,0.9810923039999995,0
842837329,Woodzz I56I,rightWing,0.9447051666666663,2.87925,0.0645,0.9385999999999992,1,2,0,0,7.3,0.9447051666666663,2
1004855635355,Tapzy x 23,rightWing,0.929079375,0.280775,0.029999999999999995,8.537600000000001,1,0,1,-3,3.0,0.929079375,1
1007429548589,nTiMiD18,rightDefense,0.924184275,1.13725,0.1276,2.562,1,1,0,-2,6.9,0.924184275,1
1004113121835,Swedezy,rightDefense,0.8991552833333327,0.33387500000000003,0.605,3.1059999999999968,2,0,3,-3,6.800000000000001,0.44957764166666636,3
1134241612,MaX_BeAsT_Max,rightWing,0.897735125,4.81525,0.19150000000000003,-1.5204000000000004,1,3,2,-1,10.0,0.897735125,5
781174214,BRIEREx,rightDefense,0.8866394999999997,1.23975,0.25410000000000005,1.7899999999999985,1,1,1,3,7.7,0.8866394999999997,2
876902038,l Ringy l97l,center,0.8778516959999988,4.23108,0.33810000000000007,-1.0180000000000047,1,4,0,5,7.2,0.8778516959999988,4
992085259,l-Bidas-l,leftDefense,0.8776179374999998,0.130625,0.22660000000000002,3.0509999999999993,1,0,1,1,7.9,0.8776179374999998,1
950809171,lCLuTcH GoDz,rightWing,0.8617333633333334,1.8147250000000006,0.203,3.6865999999999994,1,1,0,1,4.4,0.8617333633333334,1
1408331690,razorgods,leftDefense,0.8601388749999994,0.235875,0.6391000000000002,3.1309999999999967,2,0,2,-4,6.55,0.4300694374999997,2
936289,blunceworth,rightDefense,0.8491017916666665,0.128,0.33219999999999994,3.3069999999999995,2,0,1,-4,6.0,0.4245508958333333,1
1710786473,vHIGGSv,center,0.8481752499999997,2.0492550000000005,0.37940000000000007,1.485999999999998,1,1,5,1,6.5,0.8481752499999997,6
1191605440,HNZ Prince,rightDefense,0.8370135,0.11775,0.47630000000000006,2.506,1,0,1,1,7.7,0.8370135,1
183228587,rockshow84,leftDefense,0.8229374999999995,0.015250000000000001,0.6105000000000002,2.665999999999998,1,0,0,1,8.2,0.8229374999999995,0
1925530380,TheWillskii,goalie,0.7900766999999995,0.0,12.540899999999993,0.0,1,0,0,0,6.0,0.7900766999999995,0
953871021,l Mooosey l,goalie,0.7819366282499997,0.0,12.445274999999995,0.0,1,0,0,0,6.1,0.7819366282499997,0
286551508,Gretzkeh,rightWing,0.7745775,4.496250000000001,0.20200000000000004,0.4655999999999993,1,1,0,-1,4.5,0.7745775,1
262841389,SP Pogyz,rightWing,0.7710981249999999,-0.022550000000000004,-0.05950000000000001,8.894599999999999,1,0,0,-1,1.4,0.7710981249999999,0
170704553,pawdiddy,leftWing,0.7501733400000002,2.20902,0.1706,2.723600000000001,1,1,1,-2,4.2,0.7501733400000002,2
1864719977,xRodnee,leftWing,0.7377484333333332,0.2463449999999999,0.11160000000000002,6.1516,1,0,1,1,3.4,0.7377484333333332,1
269923758,ShxKxL,leftDefense,0.7369469999999981,0.37274999999999997,1.9360000000000004,0.6319999999999921,3,0,3,5,8.666666666666666,0.24564899999999937,3
1007580614609,leafscupbound,leftWing,0.725985,0.18611999999999998,0.0010999999999999985,8.5246,1,0,1,-1,2.3,0.725985,1
1827209954,vMyzq,leftDefense,0.7084804999999995,0.01025,0.37510000000000004,2.694999999999998,1,0,0,0,6.9,0.7084804999999995,0
1005065987280,KingMarchand-63,rightDefense,0.7079093333333327,0.0,-0.07920000000000003,4.695999999999996,1,0,0,-4,4.6,0.7079093333333327,0
1005014057071,TMAX143896,center,0.6959786924999987,5.202135,0.6104,-2.6480000000000063,2,2,0,1,6.05,0.34798934624999933,2
1432442680,dantas101,leftDefense,0.6436583999999995,0.0,-0.037399999999999996,3.4429999999999974,1,0,0,-1,5.4,0.6436583999999995,0
638111,moose98,center,0.6400629433333317,0.5406299999999998,0.5166000000000001,1.6059999999999939,1,0,3,-1,7.0,0.6400629433333317,3
1885253888,NotThatMondo,center,0.6095937959999993,1.6233300000000002,0.25339999999999996,1.0939999999999963,1,1,0,3,5.7,0.6095937959999993,1
1006719317249,gunz x13,center,0.6047756999999996,0.14462999999999995,0.2744,2.7639999999999976,1,0,1,-2,5.7,0.6047756999999996,1
288065137,natepownz,rightDefense,0.5979937499999997,0.007875,0.5291,1.8549999999999986,1,0,0,2,7.8,0.5979937499999997,0
1004313644989,DaFannMann,rightDefense,0.5901390000000002,0.366,0.7557000000000003,1.0640000000000003,1,0,3,1,10.0,0.5901390000000002,3
1731025265,Ilaytxn,rightWing,0.5859793599999997,0.7997000000000001,0.21650000000000003,1.736599999999999,1,0,3,4,6.2,0.5859793599999997,3
886610082,Vekholm,leftDefense,0.5829862499999989,0.015000000000000001,1.0549000000000002,1.150999999999996,1,0,0,-1,8.1,0.5829862499999989,0
1960285105,FrankenFerd7963,goalie,0.5821331760000003,0.0,9.135800000000001,0.0,1,0,0,0,5.9,0.5821331760000003,0
1785771294,oBaaryy,leftDefense,0.571554246666665,0.2375,0.7667000000000003,1.2839999999999931,2,0,2,3,7.199999999999999,0.2857771233333325,2
1006334537608,Hockeyfan989001,leftDefense,0.5679024749999991,0.003375,0.11440000000000002,2.886999999999995,1,0,0,-1,5.4,0.5679024749999991,0
1224830153,TooHigh4Iowa,leftDefense,0.5647499999999994,0.10650000000000001,0.6325000000000002,1.5199999999999976,1,0,1,0,7.8,0.5647499999999994,1
175923192,ChrisBeezer,rightWing,0.5410062666666662,3.6181750000000004,0.12,1.048799999999996,3,1,1,2,3.1999999999999997,0.18033542222222207,2
233703268,l91l Stamkos x,center,0.5307691999999996,0.3210299999999999,0.18409999999999999,2.556999999999998,1,0,2,0,5.2,0.5307691999999996,2
1006486131051,Richzii,center,0.5174257499999994,-0.09049500000000008,0.26599999999999996,3.2739999999999956,1,0,0,1,4.5,0.5174257499999994,0
1299231889,GxhIe,rightDefense,0.5163311999999998,0.036250000000000004,0.4818000000000001,1.7869999999999988,1,0,0,-2,6.4,0.5163311999999998,0
1004058954918,Lucid_NegliGentZ,rightWing,0.511914725,0.52525,0.0955,2.9466,1,0,2,-2,4.1,0.511914725,2
1870773347,ISmokeMids2401,leftDefense,0.5009524624999994,0.141375,0.3773000000000001,1.4419999999999973,1,0,1,4,7.3,0.5009524624999994,1
183228587,rockshow84,rightDefense,0.4834150499999998,0.22787499999999997,-0.05720000000000001,2.175999999999999,1,0,2,-1,6.0,0.4834150499999998,2
1675383265,Verboten Q,goalie,0.46083599999999975,0.0,8.533999999999995,0.0,1,0,0,0,5.4,0.46083599999999975,0
184630469,FrOsTyNiGhTMaRe,leftWing,0.44824499999999995,1.91477,0.16610000000000003,0.6085999999999996,1,1,0,-1,5.0,0.44824499999999995,1
242052878,Smxttyy10,goalie,0.43929965624999967,0.0,9.343624999999994,0.0,3,0,0,0,4.3,0.1464332187499999,0
1543591716,Schmxlt 97,goalie,0.4276788600000002,0.0,7.273450000000006,0.0,1,0,0,0,5.6,0.4276788600000002,0
1134915641,DanTarrant91,rightWing,0.4220909999999997,2.1307,0.048,-0.615400000000001,1,1,2,1,8.4,0.4220909999999997,3
374376801,Poum92,goalie,0.41511592800000036,0.0,7.2522000000000055,0.0,1,0,0,0,5.3,0.41511592800000036,0
1135098572,BarDownBrando,center,0.4052419199999997,0.11717999999999994,0.133,2.563999999999998,1,0,1,1,4.0,0.4052419199999997,1
1823338029,Gwanzie,leftDefense,0.390946270833331,2.7741249999999997,1.3431000000000002,-1.9440000000000115,4,2,3,6,6.6,0.09773656770833275,5
2013179081,Iandrr,leftWing,0.3764245000000001,0.19904499999999994,0.0566,3.508600000000001,1,0,1,-4,3.0,0.3764245000000001,1
948985995,Yetdi,center,0.36997747199999903,4.141305,0.24849999999999997,-2.7840000000000042,1,2,1,-1,6.4,0.36997747199999903,3
1750929075,Svech x37,center,0.35541743999999925,-0.038520000000000075,0.4711000000000001,1.682999999999996,1,0,0,-2,4.8,0.35541743999999925,0
1009483294438,Turgzi,rightWing,0.34308251999999984,0.26482500000000003,0.1845,1.7165999999999988,1,0,1,3,4.4,0.34308251999999984,1
1006672335817,HeIenCheller,rightDefense,0.3424479999999997,0.0,0.22440000000000002,1.7899999999999985,1,0,0,-2,5.1,0.3424479999999997,0
937642498,Foote,goalie,0.31124420250000007,0.0,6.049450000000001,0.0,1,0,0,0,4.9,0.31124420250000007,0
521229488,Leueey,leftWing,0.3108709041666665,4.356165000000001,0.19820000000000002,-2.802800000000001,2,3,4,-3,7.1,0.15543545208333326,7
1006121497599,bwubzz,leftWing,0.29656197999999995,1.7257900000000004,0.18320000000000003,0.21019999999999894,2,1,1,-4,3.5500000000000003,0.14828098999999997,2
1003931597092,Iaffyy,leftDefense,0.2842307316666664,0.12275,0.4653000000000001,0.5459999999999988,1,0,1,4,7.3,0.2842307316666664,1
221564857,UNREAL KILLER B,leftWing,0.25822674500000004,1.6947700000000003,0.059600000000000014,0.6255999999999997,1,1,0,-3,3.1,0.25822674500000004,1
1444428334,Beauvi 72,center,0.25520669999999945,0.1426049999999999,-0.0287,1.708999999999996,1,0,1,-3,4.2,0.25520669999999945,1
1005662959836,mxrchxnd63,rightWing,0.2376254999999998,0.307725,0.102,1.2875999999999983,1,0,1,-1,4.0,0.2376254999999998,1
1008623568859,Nylxnderr,rightWing,0.23312055833333223,-0.05500000000000001,-0.05000000000000002,0.6297999999999888,3,0,0,0,2.2333333333333334,0.0777068527777774,0
1987195488,JayLethaI66,leftWing,0.22342206250000007,-0.1183050000000001,0.0211,2.650600000000001,1,0,0,-2,2.2,0.22342206250000007,0
175086551,I St Michel I,rightDefense,0.21973607999999967,0.0,0.29590000000000005,0.5929999999999986,1,0,0,1,7.2,0.21973607999999967,0
194415579,Daddy Kaneee,center,0.20944811999999902,0.5221799999999999,0.45010000000000006,-0.10500000000000412,1,0,3,-2,6.9,0.20944811999999902,3
178970466,McCracken16,rightWing,0.1877463333333332,0.24530000000000005,0.034999999999999996,1.5365999999999989,1,0,1,-2,3.1,0.1877463333333332,1
1988148161,Seshchel,center,0.16905958333333201,0.5709599999999998,0.1449,0.6869999999999907,2,0,1,0,4.25,0.08452979166666601,1
1984477783,BombXass,leftWing,0.16434879999999988,0.3302199999999999,0.061099999999999995,0.7825999999999993,1,0,2,-2,4.0,0.16434879999999988,2
1969905529,Doranz-,leftWing,0.15323366666666702,2.1826200000000004,0.07060000000000001,-1.4173999999999989,1,1,2,3,5.5,0.15323366666666702,3
1005008418232,l Sk1llzy l,leftWing,0.14531956250000003,-0.05340500000000009,0.0806,1.6336000000000004,1,0,0,-2,2.1,0.14531956250000003,0
1135434157,clutchcolbs,goalie,0.11615505,0.0,2.83305,0.0,1,0,0,0,4.1,0.11615505,0
1762334799,SLOTTERx9,rightDefense,0.1068234999999994,0.03125000000000001,0.7843000000000002,-1.9840000000000035,2,0,0,-4,5.300000000000001,0.0534117499999997,0
1007103983110,kinger86_,leftDefense,0.1067309999999995,2.441,-0.023100000000000006,-1.9400000000000022,1,1,2,1,6.7,0.1067309999999995,3
1821483754,Raser x4,rightDefense,0.099224999999999,0.3705,0.41140000000000004,-0.38500000000000406,1,1,2,1,8.8,0.099224999999999,3
1923295375,Emxlin,rightDefense,0.07971494999999972,0.01025,0.5401000000000001,-0.18300000000000136,1,0,0,-2,6.2,0.07971494999999972,0
1594559140,Guiimond-,leftWing,0.06218291666666662,-0.1095050000000001,0.1601,0.6955999999999997,1,0,0,-4,2.2,0.06218291666666662,0
671596628,w Gloryy,rightDefense,0.059193083333333535,0.007875,0.0891,0.3160000000000014,1,0,0,-3,4.3,0.059193083333333535,0
1006379507,l kinns l 98,rightWing,0.03844522499999994,3.1135500000000005,0.2175,-3.0494000000000008,1,1,0,1,3.9,0.03844522499999994,1
948985995,Yetdi,leftDefense,0.008445999999998583,0.22499999999999998,0.5258000000000002,-0.7180000000000056,1,0,2,2,8.3,0.008445999999998583,2
955755695,zSwivell,leftDefense,0.006749999999999336,0.125625,0.37950000000000006,-0.4770000000000028,1,0,1,-2,7.2,0.006749999999999336,1
173221879,Kopy,goalie,0.006675900000000001,0.0,0.1445,0.0,1,0,0,0,4.4,0.006675900000000001,0
248444599,M-L-N83,leftWing,0.00169924999999999,-0.1042800000000001,0.0821,0.04159999999999998,1,0,0,-1,2.4,0.00169924999999999,0
1005832440193,MOUETTE I29I,goalie,-0.003346874999999999,0.0,-0.06374999999999999,0.0,1,0,0,0,5.0,-0.003346874999999999,0
1006317445317,letaang,goalie,-0.006693749999999998,0.0,-0.12749999999999997,0.0,1,0,0,0,5.0,-0.006693749999999998,0
1926158774,vFederico-,goalie,-0.006725624999999998,0.0,-0.12749999999999997,0.0,2,0,0,0,5.0,-0.003362812499999999,0
879763936,Kaneeer,rightWing,-0.07904741666666666,0.029425000000000007,0.069,-0.8634,1,0,0,-4,3.1,-0.07904741666666666,0
1560094666,xLaffin,center,-0.10766672000000098,-0.08532000000000008,0.35,-0.8140000000000049,1,0,0,1,5.6,-0.10766672000000098,0
354765908,JNoQuarterJ,leftWing,-0.12014967999999983,1.95052,0.15960000000000002,-2.947399999999999,1,1,0,1,4.1,-0.12014967999999983,1
1960285105,FrankenFerd7963,leftWing,-0.1450783839999998,0.7289699999999999,0.1511,-1.7603999999999989,1,0,3,2,4.8,-0.1450783839999998,3
289648179,REZ Girouxx,rightWing,-0.17241874999999984,4.124725000000001,0.11300000000000002,-4.9274000000000004,1,2,0,-3,7.5,-0.17241874999999984,2
1610417540,Frankyboy Qc99,goalie,-0.18362465000000003,0.0,-4.478650000000001,0.0,2,0,0,0,4.55,-0.09181232500000001,0
1732255523,JWedgy,rightDefense,-0.23985990000000024,0.2135,0.2387,-1.540000000000001,1,0,2,-2,6.3,-0.23985990000000024,2
1008366371414,Armxyyy,goalie,-0.2432360000000001,0.0,-7.601125000000003,0.0,1,0,0,0,3.2,-0.2432360000000001,0
290812116,LandShark3808,rightDefense,-0.2492793333333335,0.0,0.05279999999999999,-1.5790000000000006,1,0,0,-4,4.9,-0.2492793333333335,0
1882060359,oShieldzyy,leftWing,-0.31280709599999995,0.22296999999999995,0.1456,-2.4374,1,0,1,1,4.2,-0.31280709599999995,1
1008194920762,PuckzDeep,goalie,-0.32020318125000014,0.0,-12.435075000000005,0.0,1,0,0,0,1.3,-0.32020318125000014,0
1095498716,MapleKeefes,goalie,-0.37178203125000003,0.0,-14.163125,0.0,1,0,0,0,1.4,-0.37178203125000003,0
171449606,PureRippin,rightWing,-0.3769585416666667,0.034650000000000014,0.027,-4.4534,1,0,0,0,2.2,-0.3769585416666667,0
1825199397,OB l68l,leftDefense,-0.37958675000000036,0.006375,-0.07920000000000002,-1.9250000000000018,1,0,0,1,5.7,-0.37958675000000036,0
1691109363,Jenk,center,-0.43154515250000053,-0.05269500000000007,0.1743,-3.454000000000004,1,0,0,-3,3.7,-0.43154515250000053,0
1729652674,seabasky17,leftWing,-0.4627985356666666,0.3970449999999999,0.10110000000000001,-4.0454,1,0,2,1,3.8,-0.4627985356666666,2
1859418993,DopeDreamzGaming,goalie,-0.478156875,0.0,-19.126275,0.0,1,0,0,0,1.0,-0.478156875,0
1787641594,xMxrtel,rightDefense,-0.512677250000002,0.13849999999999998,1.0307000000000004,-3.5710000000000077,3,0,1,0,6.733333333333334,-0.17089241666666732,1
176160783,Lippy830,goalie,-0.52088,0.0,-20.8352,0.0,1,0,0,0,1.3,-0.52088,0
185059918,PotHeadDegree,leftDefense,-0.521842125,0.0052499999999999995,0.22,-2.841,1,0,0,-1,5.7,-0.521842125,0
1556509770,KL12Mack,rightDefense,-0.5706624000000007,0.0,0.43560000000000004,-2.9060000000000032,1,0,0,-1,6.6,-0.5706624000000007,0
1825527076,Michkovv,rightDefense,-0.6213431875000007,0.017625000000000002,0.47300000000000003,-2.991000000000003,1,0,0,1,7.1,-0.6213431875000007,0
1008369114066,Goldy I2I,leftDefense,-0.677870625000001,4.156875,0.7788,-9.971000000000007,2,1,2,-4,6.15,-0.3389353125000005,3
1977034170,MachoCash477801,rightWing,-0.820544166666667,0.023650000000000004,0.15400000000000003,-8.118400000000003,1,0,0,1,3.1,-0.820544166666667,0
1726347636,Dazzy x 4,goalie,-0.9213813,0.0,-25.071600000000004,0.0,1,0,0,0,3.5,-0.9213813,0
1006512038541,ReallyMonkeV2,leftWing,-0.9443528640000002,2.6052950000000004,0.012100000000000005,-8.082400000000002,1,1,1,1,4.8,-0.9443528640000002,2
1719294631,Pxtlick,rightDefense,-0.957977916666668,2.306125,1.1407000000000003,-6.8700000000000045,2,1,2,-2,7.25,-0.478988958333334,3
1005350039880,Rob1nski,center,-1.071117752500002,3.585915,0.47740000000000005,-11.379000000000014,3,1,6,-11,4.3,-0.357039250833334,7
1004786681986,BradenP7,goalie,-1.1238002999999999,0.0,-35.676199999999994,0.0,1,0,0,0,3.0,-1.1238002999999999,0
1006409897916,XShoreySznX,center,-1.1355354250000016,1.9855350000000005,0.5726,-10.135000000000009,2,1,3,-5,5.5,-0.5677677125000008,4
850615957,Coryl95l,goalie,-1.342745,0.0,-53.7098,0.0,1,0,0,0,1.0,-1.342745,0
796941089,NUMZ EIGHT,rightDefense,-1.4828415000000004,0.01025,0.06160000000000001,-7.133000000000003,1,0,0,1,6.0,-1.4828415000000004,0
176239951,Turris x 7,center,-1.5461964833333346,2.891655,0.41509999999999997,-10.911000000000007,1,1,2,1,6.1,-1.5461964833333346,3
1739804422,lI-TopG-Il,leftDefense,-1.6647478125000017,0.028625000000000005,1.2826,-7.583000000000007,2,0,0,1,8.2,-0.8323739062500009,0
210099282,Rizzy l4l,rightDefense,-2.1532468000000002,2.28475,0.7524000000000002,-13.581000000000003,3,1,2,-11,6.133333333333333,-0.7177489333333334,3
1347954033,Sammaae,rightWing,-2.625587030000001,5.309150000000001,0.526,-19.415000000000006,5,2,6,2,4.7,-0.5251174060000002,8
470007675,MythicI9I,center,-2.8493294500000004,-0.09949500000000008,-0.0455,-25.758000000000006,1,0,0,0,3.3,-2.8493294500000004,0
1006612070445,xDuuuvaI,goalie,-3.493646624999999,0.0,-99.81847499999998,0.0,1,0,0,0,3.5,-3.493646624999999,0
1004707840942,natesous10,goalie,-3.6683289562499986,0.0,-99.81847499999998,0.0,1,0,0,0,3.5,-3.6683289562499986,0
1812367891,Gxrvais,leftDefense,-4.418407333333333,0.0,-0.10670000000000003,-28.709,1,0,0,0,4.6,-4.418407333333333,0
1006381152003,bxuerrr,leftDefense,-5.621506304166667,0.002875,0.1694,-38.74,3,0,0,0,4.7,-1.8738354347222224,0
1829582869,Verret_97,rightDefense,-5.752920383333334,0.0,-0.20130000000000003,-36.70900000000001,2,0,0,-1,4.65,-2.876460191666667,0
1008346833936,Berthyboi,goalie,-7.1619755812499974,0.0,-199.63694999999996,0.0,2,0,0,0,3.5,-3.5809877906249987,0
1715222486,Gerskyyy,rightDefense,-11.711343466666667,0.0,0.17600000000000002,-56.62700000000001,2,0,0,1,6.1,-5.855671733333334,0
